Workbook

Sheet Settings
B1: SPP CZ | Denná aktualizácia forwardových cien NCG a FX rate
E2: YYYY | F2: MM | G2: MM_MMMM | H2: DD | I2: DD_MM_YYYY | J2: YYYY_MM_DD | L2: 1 | M2: Januar
B3: Aktuálny dátum: | C3: =TODAY() -> 46058 | E3: =YEAR(C3) -> 2026 | F3: =RIGHT(LEFT(C4,4),2) -> 02 | G3: =F3&"_"&VLOOKUP(MONTH(C3),Settings!L2:M13,2) -> 02_Februar | H3: =RIGHT(C4,2) -> 05 | I3: =F3&"_"&H3&"_"&E3 -> 02_05_2026 | J3: =E3&"_"&F3&"_"&H3 -> 2026_02_05 | L3: 2 | M3: Februar
B4: Aktuálny dátum (YYMMDD): | C4: =_xlfn.CONCAT(RIGHT(YEAR(C3),2),TEXT(C3,"mm"),TEXT(C3,"dd")) -> 260205 | L4: 3 | M4: Marec
B5: Dátum a čas aktualizácie: | C5: =#REF! -> #REF! | L5: 4 | M5: April
L6: 5 | M6: Maj
B7: Cesta k zdrojovej zložke: | C7: ="\\Hqs0338\s_ba\OPR\SPO\Trading analyses\Kalkulacka data\"&E3&"\"&G3&"\"&I3&"\" -> \\Hqs0338\s_ba\OPR\SPO\Trading analyses\Kalkulacka data\2026\02_Februar\02_05_2026\ | L7: 6 | M7: Jun
B8: Verzia zdrojového súboru použitá na aktualizáciu: | C8: Kalkulacka_new_version_2025_10_20.xlsx | L8: 7 | M8: Jul
L9: 8 | M9: August
B10: Cesta k cieľovej zložke: | C10: \\Hqs0338\s_ba\MM\DS_SPP CZ a.s\Kalkulacky\plyn\iba forward\ | L10: 9 | M10: September
L11: 10 | M11: Oktober
L12: 11 | M12: November
L13: 12 | M13: December

Sheet Rentry
A1: akt | B1: mesic | C1: NCG | D1: FX rate
A2: ='Propojeni na FWD v Pricingu'!A2 -> 46058.409 | B2: 46023 | C2: ='Propojeni na FWD v Pricingu'!C2 -> 36.019 | D2: ='Propojeni na FWD v Pricingu'!D2 -> 24.2781
A3: ='Propojeni na FWD v Pricingu'!A3 -> 46058.409 | B3: 46054 | C3: ='Propojeni na FWD v Pricingu'!C3 -> 36.966679 | D3: ='Propojeni na FWD v Pricingu'!D3 -> 24.35032
A4: ='Propojeni na FWD v Pricingu'!A4 -> 46058.409 | B4: 46082 | C4: ='Propojeni na FWD v Pricingu'!C4 -> 35.575 | D4: ='Propojeni na FWD v Pricingu'!D4 -> 24.373687
A5: ='Propojeni na FWD v Pricingu'!A5 -> 46058.409 | B5: 46113 | C5: ='Propojeni na FWD v Pricingu'!C5 -> 33.108 | D5: ='Propojeni na FWD v Pricingu'!D5 -> 24.399159
A6: ='Propojeni na FWD v Pricingu'!A6 -> 46058.409 | B6: 46143 | C6: ='Propojeni na FWD v Pricingu'!C6 -> 31.669 | D6: ='Propojeni na FWD v Pricingu'!D6 -> 24.423926
A7: ='Propojeni na FWD v Pricingu'!A7 -> 46058.409 | B7: 46174 | C7: ='Propojeni na FWD v Pricingu'!C7 -> 31.161 | D7: ='Propojeni na FWD v Pricingu'!D7 -> 24.448252
A8: ='Propojeni na FWD v Pricingu'!A8 -> 46058.409 | B8: 46204 | C8: ='Propojeni na FWD v Pricingu'!C8 -> 31.327 | D8: ='Propojeni na FWD v Pricingu'!D8 -> 24.469756
A9: ='Propojeni na FWD v Pricingu'!A9 -> 46058.409 | B9: 46235 | C9: ='Propojeni na FWD v Pricingu'!C9 -> 31.137 | D9: ='Propojeni na FWD v Pricingu'!D9 -> 24.493254
A10: ='Propojeni na FWD v Pricingu'!A10 -> 46058.409 | B10: 46266 | C10: ='Propojeni na FWD v Pricingu'!C10 -> 31.691 | D10: ='Propojeni na FWD v Pricingu'!D10 -> 24.513305
A11: ='Propojeni na FWD v Pricingu'!A11 -> 46058.409 | B11: 46296 | C11: ='Propojeni na FWD v Pricingu'!C11 -> 31.544 | D11: ='Propojeni na FWD v Pricingu'!D11 -> 24.53549
A12: ='Propojeni na FWD v Pricingu'!A12 -> 46058.409 | B12: 46327 | C12: ='Propojeni na FWD v Pricingu'!C12 -> 32.377 | D12: ='Propojeni na FWD v Pricingu'!D12 -> 24.553832
A13: ='Propojeni na FWD v Pricingu'!A13 -> 46058.409 | B13: 46357 | C13: ='Propojeni na FWD v Pricingu'!C13 -> 32.738 | D13: ='Propojeni na FWD v Pricingu'!D13 -> 24.570494
... A49: ='Propojeni na FWD v Pricingu'!A49 -> 46058.409 | B49: 47453 | C49: ='Propojeni na FWD v Pricingu'!C49 -> 24.052298 | D49: ='Propojeni na FWD v Pricingu'!D49 -> 25.189155

Sheet Propojeni na FWD v Pricingu
A1: akt | B1: mesic | C1: NCG | D1: FX rate
A2: =[1]Forward!$C$2 -> 46058.409 | B2: =[1]Forward!$B$6 -> 46023 | C2: =[1]Forward!C6 -> 36.019 | D2: =[1]Forward!D6 -> 24.2781
A3: =[1]Forward!$C$2 -> 46058.409 | B3: =[1]Forward!$B$7 -> 46054 | C3: =[1]Forward!C7 -> 36.966679 | D3: =[1]Forward!D7 -> 24.35032
A4: =[1]Forward!$C$2 -> 46058.409 | B4: =[1]Forward!$B$8 -> 46082 | C4: =[1]Forward!C8 -> 35.575 | D4: =[1]Forward!D8 -> 24.373687
A5: =[1]Forward!$C$2 -> 46058.409 | B5: =[1]Forward!$B$9 -> 46113 | C5: =[1]Forward!C9 -> 33.108 | D5: =[1]Forward!D9 -> 24.399159
A6: =[1]Forward!$C$2 -> 46058.409 | B6: =[1]Forward!$B$10 -> 46143 | C6: =[1]Forward!C10 -> 31.669 | D6: =[1]Forward!D10 -> 24.423926
A7: =[1]Forward!$C$2 -> 46058.409 | B7: =[1]Forward!$B$11 -> 46174 | C7: =[1]Forward!C11 -> 31.161 | D7: =[1]Forward!D11 -> 24.448252
A8: =[1]Forward!$C$2 -> 46058.409 | B8: =[1]Forward!$B$12 -> 46204 | C8: =[1]Forward!C12 -> 31.327 | D8: =[1]Forward!D12 -> 24.469756
A9: =[1]Forward!$C$2 -> 46058.409 | B9: =[1]Forward!B13 -> 46235 | C9: =[1]Forward!C13 -> 31.137 | D9: =[1]Forward!D13 -> 24.493254
A10: =[1]Forward!$C$2 -> 46058.409 | B10: =[1]Forward!B14 -> 46266 | C10: =[1]Forward!C14 -> 31.691 | D10: =[1]Forward!D14 -> 24.513305
A11: =[1]Forward!$C$2 -> 46058.409 | B11: =[1]Forward!B15 -> 46296 | C11: =[1]Forward!C15 -> 31.544 | D11: =[1]Forward!D15 -> 24.53549
A12: =[1]Forward!$C$2 -> 46058.409 | B12: =[1]Forward!B16 -> 46327 | C12: =[1]Forward!C16 -> 32.377 | D12: =[1]Forward!D16 -> 24.553832
A13: =[1]Forward!$C$2 -> 46058.409 | B13: =[1]Forward!B17 -> 46357 | C13: =[1]Forward!C17 -> 32.738 | D13: =[1]Forward!D17 -> 24.570494
A14: =[1]Forward!$C$2 -> 46058.409 | B14: =[1]Forward!B18 -> 46388 | C14: =[1]Forward!C18 -> 32.55052 | D14: =[1]Forward!D18 -> 24.589
A15: =[1]Forward!$C$2 -> 46058.409 | B15: =[1]Forward!B19 -> 46419 | C15: =[1]Forward!C19 -> 32.422662 | D15: =[1]Forward!D19 -> 24.60402
A16: =[1]Forward!$C$2 -> 46058.409 | B16: =[1]Forward!B20 -> 46447 | C16: =[1]Forward!C20 -> 31.591585 | D16: =[1]Forward!D20 -> 24.620874
A17: =[1]Forward!$C$2 -> 46058.409 | B17: =[1]Forward!B21 -> 46478 | C17: =[1]Forward!C21 -> 28.239574 | D17: =[1]Forward!D21 -> 24.64023
A18: =[1]Forward!$C$2 -> 46058.409 | B18: =[1]Forward!B22 -> 46508 | C18: =[1]Forward!C22 -> 27.014268 | D18: =[1]Forward!D22 -> 24.657699
A19: =[1]Forward!$C$2 -> 46058.409 | B19: =[1]Forward!B23 -> 46539 | C19: =[1]Forward!C23 -> 26.646676 | D19: =[1]Forward!D23 -> 24.669147
A20: =[1]Forward!$C$2 -> 46058.409 | B20: =[1]Forward!B24 -> 46569 | C20: =[1]Forward!C24 -> 26.694623 | D20: =[1]Forward!D24 -> 24.680966
... A49: =[1]Forward!$C$2 -> 46058.409 | B49: =[1]Forward!B53 -> 47453 | C49: =[1]Forward!C53 -> 24.052298 | D49: =[1]Forward!D53 -> 25.189155
